Workbook

Sheet Pancreas totals
A1: celltype | B1: acinar | C1: activated_stellate | D1: alpha | E1: beta | F1: delta | G1: ductal | H1: endothelial | I1: epsilon | J1: gamma | K1: macrophage | L1: mast | M1: quiescent_stellate | N1: schwann | O1: t_cell | P1: totals
A2: batch
A3: celseq | B3: 228 | C3: 19 | D3: 191 | E3: 161 | F3: 50 | G3: 327 | H3: 5 | I3: 1 | J3: 18 | K3: 1 | L3: 1 | M3: 1 | N3: 1 | O3: 0 | P3: =SUM(B3:O3) -> 1004
A4: celseq2 | B4: 274 | C4: 90 | D4: 843 | E4: 445 | F4: 203 | G4: 258 | H4: 21 | I4: 4 | J4: 110 | K4: 15 | L4: 6 | M4: 12 | N4: 4 | O4: 0 | P4: =SUM(B4:O4) -> 2285
A5: fluidigmc1 | B5: 21 | C5: 16 | D5: 239 | E5: 258 | F5: 25 | G5: 36 | H5: 14 | I5: 1 | J5: 18 | K5: 1 | L5: 3 | M5: 1 | N5: 5 | O5: 0 | P5: =SUM(B5:O5) -> 638
A6: inDrop1 | B6: 110 | C6: 51 | D6: 236 | E6: 872 | F6: 214 | G6: 120 | H6: 130 | I6: 13 | J6: 70 | K6: 14 | L6: 8 | M6: 92 | N6: 5 | O6: 2 | P6: =SUM(B6:O6) -> 1937
A7: inDrop2 | B7: 3 | C7: 81 | D7: 676 | E7: 371 | F7: 125 | G7: 301 | H7: 23 | I7: 2 | J7: 86 | K7: 17 | L7: 9 | M7: 22 | N7: 6 | O7: 2 | P7: =SUM(B7:O7) -> 1724
A8: inDrop3 | B8: 843 | C8: 100 | D8: 1130 | E8: 787 | F8: 161 | G8: 376 | H8: 92 | I8: 2 | J8: 36 | K8: 14 | L8: 7 | M8: 54 | N8: 1 | O8: 2 | P8: =SUM(B8:O8) -> 3605
A9: inDrop4 | B9: 2 | C9: 52 | D9: 284 | E9: 495 | F9: 101 | G9: 280 | H9: 7 | I9: 1 | J9: 63 | K9: 10 | L9: 1 | M9: 5 | N9: 1 | O9: 1 | P9: =SUM(B9:O9) -> 1303
A10: smarter | B10: 0 | C10: 0 | D10: 886 | E10: 472 | F10: 49 | G10: 0 | H10: 0 | I10: 0 | J10: 85 | K10: 0 | L10: 0 | M10: 0 | N10: 0 | O10: 0 | P10: =SUM(B10:O10) -> 1492
A11: smartseq2 | B11: 188 | C11: 55 | D11: 1008 | E11: 308 | F11: 127 | G11: 444 | H11: 21 | I11: 8 | J11: 213 | K11: 7 | L11: 7 | M11: 6 | N11: 2 | O11: 0 | P11: =SUM(B11:O11) -> 2394
A14: Overview of cellular identities

Sheet Pancreas relative
A1: celltype | B1: acinar | C1: activated_stellate | D1: alpha | E1: beta | F1: delta | G1: ductal | H1: endothelial | I1: epsilon | J1: gamma | K1: macrophage | L1: mast | M1: quiescent_stellate | N1: schwann | O1: t_cell | P1: Total (percent)
A2: batch
A3: celseq | B3: ='Pancreas totals'!B3/('Pancreas totals'!$P3)*100 -> 22.709163 | C3: ='Pancreas totals'!C3/('Pancreas totals'!$P3)*100 -> 1.8924303 | D3: ='Pancreas totals'!D3/('Pancreas totals'!$P3)*100 -> 19.023904 | E3: ='Pancreas totals'!E3/('Pancreas totals'!$P3)*100 -> 16.035857 | F3: ='Pancreas totals'!F3/('Pancreas totals'!$P3)*100 -> 4.9800797 | G3: ='Pancreas totals'!G3/('Pancreas totals'!$P3)*100 -> 32.569721 | H3: ='Pancreas totals'!H3/('Pancreas totals'!$P3)*100 -> 0.49800797 | I3: ='Pancreas totals'!I3/('Pancreas totals'!$P3)*100 -> 0.099601594 | ... O3: ='Pancreas totals'!O3/('Pancreas totals'!$P3)*100 -> 0 | P3: =SUM(B3:O3) -> 100
A4: celseq2 | B4: ='Pancreas totals'!B4/('Pancreas totals'!$P4)*100 -> 11.991247 | C4: ='Pancreas totals'!C4/('Pancreas totals'!$P4)*100 -> 3.9387309 | D4: ='Pancreas totals'!D4/('Pancreas totals'!$P4)*100 -> 36.892779 | E4: ='Pancreas totals'!E4/('Pancreas totals'!$P4)*100 -> 19.474836 | F4: ='Pancreas totals'!F4/('Pancreas totals'!$P4)*100 -> 8.8840263 | G4: ='Pancreas totals'!G4/('Pancreas totals'!$P4)*100 -> 11.291028 | H4: ='Pancreas totals'!H4/('Pancreas totals'!$P4)*100 -> 0.9190372 | I4: ='Pancreas totals'!I4/('Pancreas totals'!$P4)*100 -> 0.1750547 | ... O4: ='Pancreas totals'!O4/('Pancreas totals'!$P4)*100 -> 0 | P4: =SUM(B4:O4) -> 100
A5: fluidigmc1 | B5: ='Pancreas totals'!B5/('Pancreas totals'!$P5)*100 -> 3.2915361 | C5: ='Pancreas totals'!C5/('Pancreas totals'!$P5)*100 -> 2.507837 | D5: ='Pancreas totals'!D5/('Pancreas totals'!$P5)*100 -> 37.460815 | E5: ='Pancreas totals'!E5/('Pancreas totals'!$P5)*100 -> 40.438871 | F5: ='Pancreas totals'!F5/('Pancreas totals'!$P5)*100 -> 3.9184953 | G5: ='Pancreas totals'!G5/('Pancreas totals'!$P5)*100 -> 5.6426332 | H5: ='Pancreas totals'!H5/('Pancreas totals'!$P5)*100 -> 2.1943574 | I5: ='Pancreas totals'!I5/('Pancreas totals'!$P5)*100 -> 0.15673981 | ... O5: ='Pancreas totals'!O5/('Pancreas totals'!$P5)*100 -> 0 | P5: =SUM(B5:O5) -> 100
A6: inDrop1 | B6: ='Pancreas totals'!B6/('Pancreas totals'!$P6)*100 -> 5.6788849 | C6: ='Pancreas totals'!C6/('Pancreas totals'!$P6)*100 -> 2.6329375 | D6: ='Pancreas totals'!D6/('Pancreas totals'!$P6)*100 -> 12.183789 | E6: ='Pancreas totals'!E6/('Pancreas totals'!$P6)*100 -> 45.018069 | F6: ='Pancreas totals'!F6/('Pancreas totals'!$P6)*100 -> 11.048012 | G6: ='Pancreas totals'!G6/('Pancreas totals'!$P6)*100 -> 6.1951471 | H6: ='Pancreas totals'!H6/('Pancreas totals'!$P6)*100 -> 6.7114094 | I6: ='Pancreas totals'!I6/('Pancreas totals'!$P6)*100 -> 0.67114094 | ... O6: ='Pancreas totals'!O6/('Pancreas totals'!$P6)*100 -> 0.10325245 | P6: =SUM(B6:O6) -> 100
A7: inDrop2 | B7: ='Pancreas totals'!B7/('Pancreas totals'!$P7)*100 -> 0.17401392 | C7: ='Pancreas totals'!C7/('Pancreas totals'!$P7)*100 -> 4.6983759 | D7: ='Pancreas totals'!D7/('Pancreas totals'!$P7)*100 -> 39.211137 | E7: ='Pancreas totals'!E7/('Pancreas totals'!$P7)*100 -> 21.519722 | F7: ='Pancreas totals'!F7/('Pancreas totals'!$P7)*100 -> 7.25058 | G7: ='Pancreas totals'!G7/('Pancreas totals'!$P7)*100 -> 17.459397 | H7: ='Pancreas totals'!H7/('Pancreas totals'!$P7)*100 -> 1.3341067 | I7: ='Pancreas totals'!I7/('Pancreas totals'!$P7)*100 -> 0.11600928 | ... O7: ='Pancreas totals'!O7/('Pancreas totals'!$P7)*100 -> 0.11600928 | P7: =SUM(B7:O7) -> 100
A8: inDrop3 | B8: ='Pancreas totals'!B8/('Pancreas totals'!$P8)*100 -> 23.384189 | C8: ='Pancreas totals'!C8/('Pancreas totals'!$P8)*100 -> 2.7739251 | D8: ='Pancreas totals'!D8/('Pancreas totals'!$P8)*100 -> 31.345354 | E8: ='Pancreas totals'!E8/('Pancreas totals'!$P8)*100 -> 21.830791 | F8: ='Pancreas totals'!F8/('Pancreas totals'!$P8)*100 -> 4.4660194 | G8: ='Pancreas totals'!G8/('Pancreas totals'!$P8)*100 -> 10.429958 | H8: ='Pancreas totals'!H8/('Pancreas totals'!$P8)*100 -> 2.5520111 | I8: ='Pancreas totals'!I8/('Pancreas totals'!$P8)*100 -> 0.055478502 | ... O8: ='Pancreas totals'!O8/('Pancreas totals'!$P8)*100 -> 0.055478502 | P8: =SUM(B8:O8) -> 100
A9: inDrop4 | B9: ='Pancreas totals'!B9/('Pancreas totals'!$P9)*100 -> 0.15349194 | C9: ='Pancreas totals'!C9/('Pancreas totals'!$P9)*100 -> 3.9907905 | D9: ='Pancreas totals'!D9/('Pancreas totals'!$P9)*100 -> 21.795856 | E9: ='Pancreas totals'!E9/('Pancreas totals'!$P9)*100 -> 37.989256 | F9: ='Pancreas totals'!F9/('Pancreas totals'!$P9)*100 -> 7.7513431 | G9: ='Pancreas totals'!G9/('Pancreas totals'!$P9)*100 -> 21.488872 | H9: ='Pancreas totals'!H9/('Pancreas totals'!$P9)*100 -> 0.5372218 | I9: ='Pancreas totals'!I9/('Pancreas totals'!$P9)*100 -> 0.076745971 | ... O9: ='Pancreas totals'!O9/('Pancreas totals'!$P9)*100 -> 0.076745971 | P9: =SUM(B9:O9) -> 100
A10: smarter | B10: ='Pancreas totals'!B10/('Pancreas totals'!$P10)*100 -> 0 | C10: ='Pancreas totals'!C10/('Pancreas totals'!$P10)*100 -> 0 | D10: ='Pancreas totals'!D10/('Pancreas totals'!$P10)*100 -> 59.383378 | E10: ='Pancreas totals'!E10/('Pancreas totals'!$P10)*100 -> 31.635389 | F10: ='Pancreas totals'!F10/('Pancreas totals'!$P10)*100 -> 3.2841823 | G10: ='Pancreas totals'!G10/('Pancreas totals'!$P10)*100 -> 0 | H10: ='Pancreas totals'!H10/('Pancreas totals'!$P10)*100 -> 0 | I10: ='Pancreas totals'!I10/('Pancreas totals'!$P10)*100 -> 0 | ... O10: ='Pancreas totals'!O10/('Pancreas totals'!$P10)*100 -> 0 | P10: =SUM(B10:O10) -> 100
A11: smartseq2 | B11: ='Pancreas totals'!B11/('Pancreas totals'!$P11)*100 -> 7.8529657 | C11: ='Pancreas totals'!C11/('Pancreas totals'!$P11)*100 -> 2.2974102 | D11: ='Pancreas totals'!D11/('Pancreas totals'!$P11)*100 -> 42.105263 | E11: ='Pancreas totals'!E11/('Pancreas totals'!$P11)*100 -> 12.865497 | F11: ='Pancreas totals'!F11/('Pancreas totals'!$P11)*100 -> 5.304929 | G11: ='Pancreas totals'!G11/('Pancreas totals'!$P11)*100 -> 18.546366 | H11: ='Pancreas totals'!H11/('Pancreas totals'!$P11)*100 -> 0.87719298 | I11: ='Pancreas totals'!I11/('Pancreas totals'!$P11)*100 -> 0.33416876 | ... O11: ='Pancreas totals'!O11/('Pancreas totals'!$P11)*100 -> 0 | P11: =SUM(B11:O11) -> 100
A14: Overview of cellular identities (proportions)

Sheet Mouse brain RNA totals
A1: cell_type | B1: astrocyte | C1: brain pericyte | D1: endothelial cell | E1: ependymal cell | F1: macrophage | G1: microglial cell | H1: neuron | I1: olfactory ensheathing cell | J1: oligodendrocyte | K1: oligodendrocyte precursor cell | L1: Totals
A2: study
A3: Rosenberg | B3: 10683 | C3: 1188 | D3: 474 | E3: 400 | F3: 53 | G3: 485 | H3: 113829 | I3: 255 | J3: 1566 | K3: 4502 | L3: =SUM(B3:K3) -> 133435
A4: Saunders | B4: 56915 | C4: 12135 | D4: 46455 | E4: 2083 | F4: 1701 | G4: 5551 | H4: 443157 | I4: 0 | J4: 110867 | K4: 12625 | L4: =SUM(B4:K4) -> 691489
A5: Tabula_muris | B5: 444 | C5: 152 | D5: 661 | E5: 0 | F5: 0 | G5: 4705 | H5: 256 | I5: 0 | J5: 1450 | K5: 188 | L5: =SUM(B5:K5) -> 7856
A6: Zeisel | B6: 20460 | C6: 5213 | D6: 7387 | E6: 1368 | F6: 2029 | G6: 5425 | H6: 70968 | I6: 2031 | J6: 30253 | K6: 820 | L6: =SUM(B6:K6) -> 145954
A10: region | B10: AMY | C10: CB | D10: CTX | E10: ENT | F10: GP | G10: HC | H10: HTH | I10: MB | J10: MD | K10: OB | L10: PO | M10: SC | N10: SN | O10: STR | P10: TH | Q10: Unknown | R10: Totals
A11: study
A12: Rosenberg | B12: 0 | C12: 27163 | D12: 22622 | E12: 0 | F12: 0 | G12: 4559 | H12: 0 | I12: 730 | J12: 77 | K12: 730 | L12: 0 | M12: 13 | N12: 43 | O12: 8028 | P12: 2822 | Q12: 66648 | R12: =SUM(B12:Q12) -> 133435
A13: Saunders | B13: 774 | C13: 26089 | D13: 255287 | E13: 19132 | F13: 65533 | G13: 113404 | H13: 0 | I13: 0 | J13: 0 | K13: 0 | L13: 0 | M13: 0 | N13: 44366 | O13: 77380 | P13: 89524 | Q13: 0 | R13: =SUM(B13:Q13) -> 691489
A14: Tabula_muris | B14: 0 | C14: 1317 | D14: 2165 | E14: 0 | F14: 0 | G14: 2090 | H14: 0 | I14: 0 | J14: 0 | K14: 0 | L14: 0 | M14: 0 | N14: 0 | O14: 2284 | P14: 0 | Q14: 0 | R14: =SUM(B14:Q14) -> 7856
A15: Zeisel | B15: 3999 | C15: 6671 | D15: 24560 | E15: 0 | F15: 0 | G15: 18147 | H15: 5484 | I15: 24450 | J15: 8486 | K15: 14105 | L15: 7305 | M15: 10317 | N15: 0 | O15: 12105 | P15: 10325 | Q15: 0 | R15: =SUM(B15:Q15) -> 145954
A18: Overview of cellular identities

Sheet Mouse brain RNA relative
A1: cell_type | B1: astrocyte | C1: brain pericyte | D1: endothelial cell | E1: ependymal cell | F1: macrophage | G1: microglial cell | H1: neuron | I1: olfactory ensheathing cell | J1: oligodendrocyte | K1: oligodendrocyte precursor cell | L1: Totals (percent)
A2: study
A3: Rosenberg | B3: ='Mouse brain RNA totals'!B3/'Mouse brain RNA totals'!$L3*100 -> 8.0061453 | C3: ='Mouse brain RNA totals'!C3/'Mouse brain RNA totals'!$L3*100 -> 0.89032113 | D3: ='Mouse brain RNA totals'!D3/'Mouse brain RNA totals'!$L3*100 -> 0.35522914 | E3: ='Mouse brain RNA totals'!E3/'Mouse brain RNA totals'!$L3*100 -> 0.29977142 | F3: ='Mouse brain RNA totals'!F3/'Mouse brain RNA totals'!$L3*100 -> 0.039719714 | G3: ='Mouse brain RNA totals'!G3/'Mouse brain RNA totals'!$L3*100 -> 0.36347285 | H3: ='Mouse brain RNA totals'!H3/'Mouse brain RNA totals'!$L3*100 -> 85.306704 | I3: ='Mouse brain RNA totals'!I3/'Mouse brain RNA totals'!$L3*100 -> 0.19110428 | ... L3: ='Mouse brain RNA totals'!L3/'Mouse brain RNA totals'!$L3*100 -> 100
A4: Saunders | B4: ='Mouse brain RNA totals'!B4/'Mouse brain RNA totals'!$L4*100 -> 8.2307889 | C4: ='Mouse brain RNA totals'!C4/'Mouse brain RNA totals'!$L4*100 -> 1.7549086 | D4: ='Mouse brain RNA totals'!D4/'Mouse brain RNA totals'!$L4*100 -> 6.7181112 | E4: ='Mouse brain RNA totals'!E4/'Mouse brain RNA totals'!$L4*100 -> 0.301234 | F4: ='Mouse brain RNA totals'!F4/'Mouse brain RNA totals'!$L4*100 -> 0.2459909 | G4: ='Mouse brain RNA totals'!G4/'Mouse brain RNA totals'!$L4*100 -> 0.80276042 | H4: ='Mouse brain RNA totals'!H4/'Mouse brain RNA totals'!$L4*100 -> 64.087354 | I4: ='Mouse brain RNA totals'!I4/'Mouse brain RNA totals'!$L4*100 -> 0 | ... L4: ='Mouse brain RNA totals'!L4/'Mouse brain RNA totals'!$L4*100 -> 100
A5: Tabula_muris | B5: ='Mouse brain RNA totals'!B5/'Mouse brain RNA totals'!$L5*100 -> 5.6517312 | C5: ='Mouse brain RNA totals'!C5/'Mouse brain RNA totals'!$L5*100 -> 1.9348269 | D5: ='Mouse brain RNA totals'!D5/'Mouse brain RNA totals'!$L5*100 -> 8.4139511 | E5: ='Mouse brain RNA totals'!E5/'Mouse brain RNA totals'!$L5*100 -> 0 | F5: ='Mouse brain RNA totals'!F5/'Mouse brain RNA totals'!$L5*100 -> 0 | G5: ='Mouse brain RNA totals'!G5/'Mouse brain RNA totals'!$L5*100 -> 59.89053 | H5: ='Mouse brain RNA totals'!H5/'Mouse brain RNA totals'!$L5*100 -> 3.2586558 | I5: ='Mouse brain RNA totals'!I5/'Mouse brain RNA totals'!$L5*100 -> 0 | ... L5: ='Mouse brain RNA totals'!L5/'Mouse brain RNA totals'!$L5*100 -> 100
A6: Zeisel | B6: ='Mouse brain RNA totals'!B6/'Mouse brain RNA totals'!$L6*100 -> 14.018115 | C6: ='Mouse brain RNA totals'!C6/'Mouse brain RNA totals'!$L6*100 -> 3.5716733 | D6: ='Mouse brain RNA totals'!D6/'Mouse brain RNA totals'!$L6*100 -> 5.0611837 | E6: ='Mouse brain RNA totals'!E6/'Mouse brain RNA totals'!$L6*100 -> 0.93728161 | F6: ='Mouse brain RNA totals'!F6/'Mouse brain RNA totals'!$L6*100 -> 1.390164 | G6: ='Mouse brain RNA totals'!G6/'Mouse brain RNA totals'!$L6*100 -> 3.7169245 | H6: ='Mouse brain RNA totals'!H6/'Mouse brain RNA totals'!$L6*100 -> 48.623539 | I6: ='Mouse brain RNA totals'!I6/'Mouse brain RNA totals'!$L6*100 -> 1.3915343 | ... L6: ='Mouse brain RNA totals'!L6/'Mouse brain RNA totals'!$L6*100 -> 100
A10: region | B10: AMY | C10: CB | D10: CTX | E10: ENT | F10: GP | G10: HC | H10: HTH | I10: MB | J10: MD | K10: OB | L10: PO | M10: SC | N10: SN | O10: STR | P10: TH | Q10: Unknown | R10: Totals
A11: study
A12: Rosenberg | B12: ='Mouse brain RNA totals'!B12/'Mouse brain RNA totals'!$R12*100 -> 0 | C12: ='Mouse brain RNA totals'!C12/'Mouse brain RNA totals'!$R$12*100 -> 20.356728 | D12: ='Mouse brain RNA totals'!D12/'Mouse brain RNA totals'!$R$12*100 -> 16.953573 | E12: ='Mouse brain RNA totals'!E12/'Mouse brain RNA totals'!$R$12*100 -> 0 | F12: ='Mouse brain RNA totals'!F12/'Mouse brain RNA totals'!$R$12*100 -> 0 | G12: ='Mouse brain RNA totals'!G12/'Mouse brain RNA totals'!$R$12*100 -> 3.4166448 | H12: ='Mouse brain RNA totals'!H12/'Mouse brain RNA totals'!$R$12*100 -> 0 | I12: ='Mouse brain RNA totals'!I12/'Mouse brain RNA totals'!$R$12*100 -> 0.54708285 | J12: ='Mouse brain RNA totals'!J12/'Mouse brain RNA totals'!$R$12*100 -> 0.057705999 | ... R12: ='Mouse brain RNA totals'!R12/'Mouse brain RNA totals'!$R$12*100 -> 100
A13: Saunders | B13: ='Mouse brain RNA totals'!B13/'Mouse brain RNA totals'!$R13*100 -> 0.11193237 | C13: ='Mouse brain RNA totals'!C13/'Mouse brain RNA totals'!$R13*100 -> 3.7728727 | D13: ='Mouse brain RNA totals'!D13/'Mouse brain RNA totals'!$R13*100 -> 36.918447 | E13: ='Mouse brain RNA totals'!E13/'Mouse brain RNA totals'!$R13*100 -> 2.766783 | F13: ='Mouse brain RNA totals'!F13/'Mouse brain RNA totals'!$R13*100 -> 9.477085 | G13: ='Mouse brain RNA totals'!G13/'Mouse brain RNA totals'!$R13*100 -> 16.399972 | H13: ='Mouse brain RNA totals'!H13/'Mouse brain RNA totals'!$R13*100 -> 0 | I13: ='Mouse brain RNA totals'!I13/'Mouse brain RNA totals'!$R13*100 -> 0 | ... R13: ='Mouse brain RNA totals'!R13/'Mouse brain RNA totals'!$R13*100 -> 100
A14: Tabula_muris | B14: ='Mouse brain RNA totals'!B14/'Mouse brain RNA totals'!$R$14*100 -> 0 | C14: ='Mouse brain RNA totals'!C14/'Mouse brain RNA totals'!$R$14*100 -> 16.764257 | D14: ='Mouse brain RNA totals'!D14/'Mouse brain RNA totals'!$R$14*100 -> 27.558554 | E14: ='Mouse brain RNA totals'!E14/'Mouse brain RNA totals'!$R$14*100 -> 0 | F14: ='Mouse brain RNA totals'!F14/'Mouse brain RNA totals'!$R$14*100 -> 0 | G14: ='Mouse brain RNA totals'!G14/'Mouse brain RNA totals'!$R$14*100 -> 26.60387 | H14: ='Mouse brain RNA totals'!H14/'Mouse brain RNA totals'!$R$14*100 -> 0 | I14: ='Mouse brain RNA totals'!I14/'Mouse brain RNA totals'!$R$14*100 -> 0 | ... R14: ='Mouse brain RNA totals'!R14/'Mouse brain RNA totals'!$R$14*100 -> 100
A15: Zeisel | B15: ='Mouse brain RNA totals'!B15/'Mouse brain RNA totals'!$R$15*100 -> 2.7399044 | C15: ='Mouse brain RNA totals'!C15/'Mouse brain RNA totals'!$R$15*100 -> 4.5706181 | D15: ='Mouse brain RNA totals'!D15/'Mouse brain RNA totals'!$R$15*100 -> 16.82722 | E15: ='Mouse brain RNA totals'!E15/'Mouse brain RNA totals'!$R$15*100 -> 0 | F15: ='Mouse brain RNA totals'!F15/'Mouse brain RNA totals'!$R$15*100 -> 0 | G15: ='Mouse brain RNA totals'!G15/'Mouse brain RNA totals'!$R$15*100 -> 12.433369 | H15: ='Mouse brain RNA totals'!H15/'Mouse brain RNA totals'!$R$15*100 -> 3.7573482 | I15: ='Mouse brain RNA totals'!I15/'Mouse brain RNA totals'!$R$15*100 -> 16.751853 | ... R15: ='Mouse brain RNA totals'!R15/'Mouse brain RNA totals'!$R$15*100 -> 100
A19: Overview of cellular identities (proportions)

Sheet Tabelle4
